time,millsec,voltage,reading,average_reading
0:0:21,21854,0.31,4.4,11.66596
0:0:28,30946,0.31,-14.4,-10.79919
time,millsec,voltage,reading,average_reading
0:2:19,140017,0.31,1.5,1.14056
0:2:26,146332,0.31,0.8,1.30801
0:2:32,152712,0.31,0.9,1.01944
0:2:39,159125,0.31,0.9,1.78079
