time,millsec,voltage,reading,average_reading
0:3:22,202517,0.55,2.7,2.19848
0:3:28,208895,0.55,1.3,2.11176
0:3:35,215274,0.34,1.9,2.00049
0:3:41,221658,0.31,2.0,1.46368
